1,2026-07-01T23:53:46Z,1,22,22,false,client DOES NOT reinstall pairwise key (patched),45,/home/mughees/Downloads/wpa2-krack-lab/harness/results/krack_captures/trial_001_20260701_235346.pcap
2,2026-07-01T23:55:06Z,1,22,22,false,client DOES NOT reinstall pairwise key (patched),45,/home/mughees/Downloads/wpa2-krack-lab/harness/results/krack_captures/trial_002_20260701_235506.pcap
3,2026-07-01T23:56:23Z,1,22,22,false,client DOES NOT reinstall pairwise key (patched),45,/home/mughees/Downloads/wpa2-krack-lab/harness/results/krack_captures/trial_003_20260701_235623.pcap
4,2026-07-01T23:57:38Z,1,22,22,false,client DOES NOT reinstall pairwise key (patched),45,/home/mughees/Downloads/wpa2-krack-lab/harness/results/krack_captures/trial_004_20260701_235738.pcap
5,2026-07-01T23:58:54Z,1,22,22,false,client DOES NOT reinstall pairwise key (patched),45,/home/mughees/Downloads/wpa2-krack-lab/harness/results/krack_captures/trial_005_20260701_235854.pcap
6,2026-07-02T00:00:10Z,1,22,22,false,client DOES NOT reinstall pairwise key (patched),45,/home/mughees/Downloads/wpa2-krack-lab/harness/results/krack_captures/trial_006_20260702_000010.pcap
7,2026-07-02T00:01:27Z,1,22,22,false,client DOES NOT reinstall pairwise key (patched),45,/home/mughees/Downloads/wpa2-krack-lab/harness/results/krack_captures/trial_007_20260702_000127.pcap
8,2026-07-02T00:02:43Z,1,22,22,false,client DOES NOT reinstall pairwise key (patched),45,/home/mughees/Downloads/wpa2-krack-lab/harness/results/krack_captures/trial_008_20260702_000243.pcap
9,2026-07-02T00:04:00Z,1,22,22,false,client DOES NOT reinstall pairwise key (patched),45,/home/mughees/Downloads/wpa2-krack-lab/harness/results/krack_captures/trial_009_20260702_000400.pcap
10,2026-07-02T00:05:17Z,1,22,22,false,client DOES NOT reinstall pairwise key (patched),45,/home/mughees/Downloads/wpa2-krack-lab/harness/results/krack_captures/trial_010_20260702_000518.pcap
11,2026-07-02T00:06:34Z,1,22,22,false,client DOES NOT reinstall pairwise key (patched),45,/home/mughees/Downloads/wpa2-krack-lab/harness/results/krack_captures/trial_011_20260702_000634.pcap
12,2026-07-02T00:07:52Z,1,22,22,false,client DOES NOT reinstall pairwise key (patched),45,/home/mughees/Downloads/wpa2-krack-lab/harness/results/krack_captures/trial_012_20260702_000752.pcap
13,2026-07-02T00:09:08Z,1,22,22,false,client DOES NOT reinstall pairwise key (patched),45,/home/mughees/Downloads/wpa2-krack-lab/harness/results/krack_captures/trial_013_20260702_000908.pcap
14,2026-07-02T00:10:25Z,1,22,22,false,client DOES NOT reinstall pairwise key (patched),45,/home/mughees/Downloads/wpa2-krack-lab/harness/results/krack_captures/trial_014_20260702_001025.pcap
15,2026-07-02T00:11:41Z,1,22,22,false,client DOES NOT reinstall pairwise key (patched),45,/home/mughees/Downloads/wpa2-krack-lab/harness/results/krack_captures/trial_015_20260702_001141.pcap
16,2026-07-02T00:12:57Z,1,22,22,false,client DOES NOT reinstall pairwise key (patched),45,/home/mughees/Downloads/wpa2-krack-lab/harness/results/krack_captures/trial_016_20260702_001257.pcap
17,2026-07-02T00:14:14Z,1,22,22,false,client DOES NOT reinstall pairwise key (patched),45,/home/mughees/Downloads/wpa2-krack-lab/harness/results/krack_captures/trial_017_20260702_001414.pcap
18,2026-07-02T00:15:31Z,1,22,22,false,client DOES NOT reinstall pairwise key (patched),45,/home/mughees/Downloads/wpa2-krack-lab/harness/results/krack_captures/trial_018_20260702_001531.pcap
19,2026-07-02T00:16:48Z,1,22,22,false,client DOES NOT reinstall pairwise key (patched),45,/home/mughees/Downloads/wpa2-krack-lab/harness/results/krack_captures/trial_019_20260702_001648.pcap
20,2026-07-02T00:18:04Z,1,22,22,false,client DOES NOT reinstall pairwise key (patched),45,/home/mughees/Downloads/wpa2-krack-lab/harness/results/krack_captures/trial_020_20260702_001804.pcap
21,2026-07-02T00:19:20Z,1,22,22,false,client DOES NOT reinstall pairwise key (patched),45,/home/mughees/Downloads/wpa2-krack-lab/harness/results/krack_captures/trial_021_20260702_001920.pcap
22,2026-07-02T00:20:36Z,1,22,22,false,client DOES NOT reinstall pairwise key (patched),45,/home/mughees/Downloads/wpa2-krack-lab/harness/results/krack_captures/trial_022_20260702_002036.pcap
23,2026-07-02T00:21:52Z,1,22,22,false,client DOES NOT reinstall pairwise key (patched),45,/home/mughees/Downloads/wpa2-krack-lab/harness/results/krack_captures/trial_023_20260702_002152.pcap
24,2026-07-02T00:23:09Z,1,22,22,false,client DOES NOT reinstall pairwise key (patched),45,/home/mughees/Downloads/wpa2-krack-lab/harness/results/krack_captures/trial_024_20260702_002309.pcap
25,2026-07-02T00:24:24Z,1,22,22,false,client DOES NOT reinstall pairwise key (patched),45,/home/mughees/Downloads/wpa2-krack-lab/harness/results/krack_captures/trial_025_20260702_002424.pcap
26,2026-07-02T00:25:40Z,1,22,22,false,client DOES NOT reinstall pairwise key (patched),45,/home/mughees/Downloads/wpa2-krack-lab/harness/results/krack_captures/trial_026_20260702_002540.pcap
27,2026-07-02T00:26:57Z,1,22,22,false,client DOES NOT reinstall pairwise key (patched),45,/home/mughees/Downloads/wpa2-krack-lab/harness/results/krack_captures/trial_027_20260702_002657.pcap
28,2026-07-02T00:28:13Z,1,22,22,false,client DOES NOT reinstall pairwise key (patched),45,/home/mughees/Downloads/wpa2-krack-lab/harness/results/krack_captures/trial_028_20260702_002813.pcap
29,2026-07-02T00:29:30Z,1,22,22,false,client DOES NOT reinstall pairwise key (patched),45,/home/mughees/Downloads/wpa2-krack-lab/harness/results/krack_captures/trial_029_20260702_002930.pcap
30,2026-07-02T00:30:46Z,1,22,22,false,client DOES NOT reinstall pairwise key (patched),45,/home/mughees/Downloads/wpa2-krack-lab/harness/results/krack_captures/trial_030_20260702_003046.pcap
31,2026-07-02T00:32:03Z,1,22,22,false,client DOES NOT reinstall pairwise key (patched),45,/home/mughees/Downloads/wpa2-krack-lab/harness/results/krack_captures/trial_031_20260702_003203.pcap
32,2026-07-02T00:33:20Z,1,22,22,false,client DOES NOT reinstall pairwise key (patched),45,/home/mughees/Downloads/wpa2-krack-lab/harness/results/krack_captures/trial_032_20260702_003320.pcap
33,2026-07-02T00:34:38Z,1,22,22,false,client DOES NOT reinstall pairwise key (patched),45,/home/mughees/Downloads/wpa2-krack-lab/harness/results/krack_captures/trial_033_20260702_003438.pcap
34,2026-07-02T00:35:55Z,1,22,22,false,client DOES NOT reinstall pairwise key (patched),45,/home/mughees/Downloads/wpa2-krack-lab/harness/results/krack_captures/trial_034_20260702_003555.pcap
35,2026-07-02T00:37:11Z,1,22,22,false,client DOES NOT reinstall pairwise key (patched),45,/home/mughees/Downloads/wpa2-krack-lab/harness/results/krack_captures/trial_035_20260702_003711.pcap
36,2026-07-02T00:38:27Z,1,22,22,false,client DOES NOT reinstall pairwise key (patched),45,/home/mughees/Downloads/wpa2-krack-lab/harness/results/krack_captures/trial_036_20260702_003827.pcap
37,2026-07-02T00:39:43Z,1,22,22,false,client DOES NOT reinstall pairwise key (patched),45,/home/mughees/Downloads/wpa2-krack-lab/harness/results/krack_captures/trial_037_20260702_003943.pcap
38,2026-07-02T00:40:59Z,1,22,22,false,client DOES NOT reinstall pairwise key (patched),45,/home/mughees/Downloads/wpa2-krack-lab/harness/results/krack_captures/trial_038_20260702_004059.pcap
39,2026-07-02T00:42:15Z,1,22,22,false,client DOES NOT reinstall pairwise key (patched),45,/home/mughees/Downloads/wpa2-krack-lab/harness/results/krack_captures/trial_039_20260702_004215.pcap
40,2026-07-02T00:43:32Z,1,22,22,false,client DOES NOT reinstall pairwise key (patched),45,/home/mughees/Downloads/wpa2-krack-lab/harness/results/krack_captures/trial_040_20260702_004332.pcap
41,2026-07-02T00:44:48Z,1,22,22,false,client DOES NOT reinstall pairwise key (patched),45,/home/mughees/Downloads/wpa2-krack-lab/harness/results/krack_captures/trial_041_20260702_004448.pcap
42,2026-07-02T00:46:04Z,1,22,22,false,client DOES NOT reinstall pairwise key (patched),45,/home/mughees/Downloads/wpa2-krack-lab/harness/results/krack_captures/trial_042_20260702_004604.pcap
43,2026-07-02T00:47:21Z,1,22,22,false,client DOES NOT reinstall pairwise key (patched),45,/home/mughees/Downloads/wpa2-krack-lab/harness/results/krack_captures/trial_043_20260702_004721.pcap
44,2026-07-02T00:48:37Z,1,22,22,false,client DOES NOT reinstall pairwise key (patched),45,/home/mughees/Downloads/wpa2-krack-lab/harness/results/krack_captures/trial_044_20260702_004837.pcap
45,2026-07-02T00:49:54Z,1,22,22,false,client DOES NOT reinstall pairwise key (patched),45,/home/mughees/Downloads/wpa2-krack-lab/harness/results/krack_captures/trial_045_20260702_004954.pcap
46,2026-07-02T00:51:10Z,1,22,22,false,client DOES NOT reinstall pairwise key (patched),45,/home/mughees/Downloads/wpa2-krack-lab/harness/results/krack_captures/trial_046_20260702_005110.pcap
47,2026-07-02T00:52:26Z,1,22,22,false,client DOES NOT reinstall pairwise key (patched),45,/home/mughees/Downloads/wpa2-krack-lab/harness/results/krack_captures/trial_047_20260702_005226.pcap
48,2026-07-02T00:53:43Z,1,22,22,false,client DOES NOT reinstall pairwise key (patched),45,/home/mughees/Downloads/wpa2-krack-lab/harness/results/krack_captures/trial_048_20260702_005343.pcap
49,2026-07-02T00:54:59Z,1,22,22,false,client DOES NOT reinstall pairwise key (patched),45,/home/mughees/Downloads/wpa2-krack-lab/harness/results/krack_captures/trial_049_20260702_005459.pcap
50,2026-07-02T00:56:15Z,1,22,22,false,client DOES NOT reinstall pairwise key (patched),45,/home/mughees/Downloads/wpa2-krack-lab/harness/results/krack_captures/trial_050_20260702_005615.pcap
